Subject,Coverage,Gender,2011,2012,2013,2014,2015,2016,2017,2018
Art and design subjects,UK,Male,12233,11960,10874,11051,10645,10315,10718,
Art and design subjects,UK,Female,33726,34523,33195,33871,34219,32927,32935,
Art and design subjects,UK,All students,45959,46483,44069,44922,44864,43242,43653,
Biology,UK,Male,26942,27410,26988,26346,24955,24371,23703,
Biology,UK,Female,35099,35664,36951,37724,38320,38279,38205,
Biology,UK,All students,62041,63074,63939,64070,63275,62650,61908,
Business studies,UK,Male,17648,16675,16270,15502,16209,16708,17977,
Business studies,UK,Female,12100,11892,11403,11243,11153,11500,12046,
Business studies,UK,All students,29748,28567,27673,26745,27362,28208,30023,
Chemistry,UK,Male,25329,25974,26988,27637,26771,25937,25716,
Chemistry,UK,Female,22753,23260,24830,25876,25873,25874,26615,
Chemistry,UK,All students,48082,49234,51818,53513,52644,51811,52331,
Classical subjects,UK,Male,2746,2944,2878,2828,2777,2714,2551,
Classical subjects,UK,Female,3429,3691,3565,3787,3856,3867,3879,
Classical subjects,UK,All students,6175,6635,6443,6615,6633,6581,6430,
Communication studies,UK,Male,569,568,477,480,494,497,402,
Communication studies,UK,Female,1463,1550,1290,1261,1351,1354,1135,
Communication studies,UK,All students,2032,2118,1767,1741,1845,1851,1537,
Computing,UK,Male,3700,3512,3513,3857,4927,5633,7483,
Computing,UK,Female,302,297,245,314,456,609,816,
Computing,UK,All students,4002,3809,3758,4171,5383,6242,8299,
Critical thinking,UK,Male,738,507,404,218,115,40,26,
Critical thinking,UK,Female,983,610,586,311,121,77,19,
Critical thinking,UK,All students,1721,1117,990,529,236,117,45,
Design and technology,UK,Male,10543,9807,9031,8100,7884,7655,7682,
Design and technology,UK,Female,7706,7298,6610,5591,5356,4822,4733,
Design and technology,UK,All students,18249,17105,15641,13691,13240,12477,12415,
Drama,UK,Male,5148,4763,4338,4003,4164,3795,3633,
Drama,UK,Female,10911,10376,9526,9077,9062,8578,8281,
Drama,UK,All students,16059,15139,13864,13080,13226,12373,11914,
Economics,UK,Male,16183,16290,17464,17985,18651,19895,20647,
Economics,UK,Female,7660,8037,8675,8627,8924,9490,9427,
Economics,UK,All students,23843,24327,26139,26612,27575,29385,30074,
English language,UK,Male,6589,6589,6589,6589,25173,6589,6589,
English language,UK,Female,14589,14589,14589,14589,14589,14589,14589,
English language,UK,All students,21178,21178,21178,21178,21178,21178,21178,
English literature,UK,Male,11336,11336,11336,11336,11336,11336,11336,
English literature,UK,Female,35075,35075,35075,35075,35075,35075,35075,
English literature,UK,All students,46411,46411,46411,46411,46411,46411,46411,
English language and literature,UK,Male,3118,3118,3118,3118,3118,3118,3118,
English language and literature,UK,Female,7940,7940,7940,7940,7940,7940,7940,
English language and literature,UK,All students,11058,11058,11058,11058,11058,11058,11058,
French,UK,Male,4107,3918,3510,3302,3176,3093,2917,
French,UK,Female,9089,8593,7762,7131,7152,6579,6551,
French,UK,All students,13196,12511,11272,10433,10328,9672,9468,
General studies,UK,Male,19341,16295,14226,10632,8249,5712,3528,
General studies,UK,Female,21643,19263,17336,13252,9843,6047,3619,
General studies,UK,All students,40984,35558,31562,23884,18092,11759,7147,
Geography,UK,Male,16739,16784,16776,16489,18348,18172,18663,
Geography,UK,Female,14487,15221,16096,16518,18847,18191,19151,
Geography,UK,All students,31226,32005,32872,33007,37195,36363,37814,
German,UK,Male,2145,1959,1701,1664,1621,1505,1554,
German,UK,Female,3021,2814,2541,2523,2388,2337,2109,
German,UK,All students,5166,4773,4242,4187,4009,3842,3663,
History,UK,Male,24955,25161,25162,24822,26181,25252,23051,
History,UK,Female,25942,26491,26987,27309,29667,29479,27260,
History,UK,All students,50897,51652,52149,52131,55848,54731,50311,
ICT,UK,Male,7283,6804,6492,6058,5870,5613,5121,
ICT,UK,Female,4677,4284,3927,3421,3254,3124,2486,
ICT,UK,All students,11960,11088,10419,9479,9124,8737,7607,
Irish,UK,Male,128,101,111,103,91,109,107,
Irish,UK,Female,200,203,199,210,239,222,226,
Irish,UK,All students,328,304,310,313,330,331,333,
Law,UK,Male,5696,5160,4839,4257,3902,4119,4074,
Law,UK,Female,8683,7994,7684,7260,6836,7153,7464,
Law,UK,All students,14379,13154,12523,11517,10738,11272,11538,
Maths,UK,Male,49828,51413,53435,54442,56774,56535,58032,
Maths,UK,Female,33167,34301,34625,34374,35937,35628,37212,
Maths,UK,All students,82995,85714,88060,88816,92711,92163,95244,
Further maths,UK,Male,8455,9251,9870,10053,10816,11054,11731,
Further maths,UK,Female,3832,3972,3951,3975,4177,4203,4441,
Further maths,UK,All students,12287,13223,13821,14028,14993,15257,16172,
Media/film/TV studies,UK,Male,15546,14526,12982,12761,12379,12399,11769,
Media/film/TV studies,UK,Female,18309,17585,16130,15736,16088,15741,15187,
Media/film/TV studies,UK,All students,33855,32111,29112,28497,28467,28140,26956,
Music,UK,Male,6059,5705,5302,4959,4510,3914,3340,
Music,UK,Female,4005,3790,3537,3416,3266,3175,3088,
Music,UK,All students,10064,9495,8839,8375,7776,7089,6428,
Performing/expressive arts,UK,Male,465,388,341,230,298,223,206,
Performing/expressive arts,UK,Female,3110,2764,2441,2316,2275,1956,1742,
Performing/expressive arts,UK,All students,3575,3152,2782,2546,2573,2179,1948,
Physical education,UK,Male,12612,11030,9437,8341,7874,7100,6738,
Physical education,UK,Female,6732,5866,5004,4419,4531,4527,4405,
Physical education,UK,All students,19344,16896,14441,12760,12405,11627,11143,
Physics,UK,Male,26011,27148,28190,28958,28500,27699,28732,
Physics,UK,Female,6849,7361,7379,7743,7787,7645,7846,
Physics,UK,All students,32860,34509,35569,36701,36287,35344,36578,
Political studies,UK,Male,8519,8669,8888,7875,8426,8500,9368,
Political studies,UK,Female,6329,6591,6505,5886,6677,7040,8155,
Political studies,UK,All students,14848,15260,15393,13761,15103,15540,17523,
Psychology,UK,Male,15238,15178,14395,13651,13758,14085,14664,
Psychology,UK,Female,40895,41308,41693,41167,43256,45384,43999,
Psychology,UK,All students,56133,56486,56088,54818,57014,59469,58663,
Religious studies,UK,Male,7102,7298,7345,7426,7915,8215,7541,
Religious studies,UK,Female,15223,15744,16009,16787,17858,18817,18545,
Religious studies,UK,All students,22325,23042,23354,24213,25773,27032,26086,
Sociology,UK,Male,7825,7843,7561,7436,7569,7848,7967,
Sociology,UK,Female,22889,23514,23127,23158,24689,26132,26640,
Sociology,UK,All students,30714,31357,30688,30594,32258,33980,34607,
Spanish,UK,Male,2522,2480,2498,2655,2897,2911,2907,
Spanish,UK,Female,5088,4871,5153,4946,5797,5549,5694,
Spanish,UK,All students,7610,7351,7651,7601,8694,8460,8601,
Welsh first language,UK,Male,196,162,137,126,125,127,56,
Welsh first language,UK,Female,721,697,615,566,553,483,177,
Welsh first language,UK,All students,917,859,752,692,678,610,233,
Welsh second language,UK,Male,56,56,56,56,56,56,56,
Welsh second language,UK,Female,277,277,277,277,277,277,277,
Welsh second language,UK,All students,333,333,333,333,333,333,333,
Other modern languages,UK,Male,3954,4020,3903,3811,3994,3898,3979,
Other modern languages,UK,Female,4999,5116,5184,5196,5381,5311,5407,
Other modern languages,UK,All students,8953,9136,9087,9007,9375,9209,9386,
Other sciences,UK,Male,2530,2613,2674,2691,2640,2487,2120,
Other sciences,UK,Female,747,762,803,795,841,817,720,
Other sciences,UK,All students,3277,3375,3477,3486,3481,3304,2840,
All other subjects,UK,Male,5987,5798,5354,4978,4672,4116,3852,
All other subjects,UK,Female,5546,5764,5392,6958,7043,6832,6605,
All other subjects,UK,All students,11533,11562,10746,11936,11715,10948,10457,
All subjects,UK,Male,401676,395914,389550,379823,383350,375226,373654,
All subjects,UK,Female,465641,465905,461202,453984,467399,461479,454701,
All subjects,UK,All students,867317,861819,850752,833807,850749,836705,828355,
Art and design subjects,EN,Male,9786.4,9568,8699.2,8840.8,8516,8252,8574.4,
Art and design subjects,EN,Female,26980.8,27618.4,26556,27096.8,27375.2,26341.6,26348,
Art and design subjects,EN,All students,36767.2,37186.4,35255.2,35937.6,35891.2,34593.6,34922.4,
Biology,EN,Male,21553.6,21928,21590.4,21076.8,19964,19496.8,18962.4,
Biology,EN,Female,28079.2,28531.2,29560.8,30179.2,30656,30623.2,30564,
Biology,EN,All students,49632.8,50459.2,51151.2,51256,50620,50120,49526.4,
Business studies,EN,Male,14118.4,13340,13016,12401.6,12967.2,13366.4,14381.6,
Business studies,EN,Female,9680,9513.6,9122.4,8994.4,8922.4,9200,9636.8,
Business studies,EN,All students,23798.4,22853.6,22138.4,21396,21889.6,22566.4,24018.4,
Chemistry,EN,Male,20263.2,20779.2,21590.4,22109.6,21416.8,20749.6,20572.8,
Chemistry,EN,Female,18202.4,18608,19864,20700.8,20698.4,20699.2,21292,
Chemistry,EN,All students,38465.6,39387.2,41454.4,42810.4,42115.2,41448.8,41864.8,
Classical subjects,EN,Male,2196.8,2355.2,2302.4,2262.4,2221.6,2171.2,2040.8,
Classical subjects,EN,Female,2743.2,2952.8,2852,3029.6,3084.8,3093.6,3103.2,
Classical subjects,EN,All students,4940,5308,5154.4,5292,5306.4,5264.8,5144,
Communication studies,EN,Male,455.2,454.4,381.6,384,395.2,397.6,321.6,
Communication studies,EN,Female,1170.4,1240,1032,1008.8,1080.8,1083.2,908,
Communication studies,EN,All students,1625.6,1694.4,1413.6,1392.8,1476,1480.8,1229.6,
Computing,EN,Male,2960,2809.6,2810.4,3085.6,3941.6,4506.4,5986.4,
Computing,EN,Female,241.6,237.6,196,251.2,364.8,487.2,652.8,
Computing,EN,All students,3201.6,3047.2,3006.4,3336.8,4306.4,4993.6,6639.2,
Critical thinking,EN,Male,590.4,405.6,323.2,174.4,92,32,20.8,
Critical thinking,EN,Female,786.4,488,468.8,248.8,96.8,61.6,15.2,
Critical thinking,EN,All students,1376.8,893.6,792,423.2,188.8,93.6,36,
Design and technology,EN,Male,8434.4,7845.6,7224.8,6480,6307.2,6124,6145.6,
Design and technology,EN,Female,6164.8,5838.4,5288,4472.8,4284.8,3857.6,3786.4,
Design and technology,EN,All students,14599.2,13684,12512.8,10952.8,10592,9981.6,9932,
Drama,EN,Male,4118.4,3810.4,3470.4,3202.4,3331.2,3036,2906.4,
Drama,EN,Female,8728.8,8300.8,7620.8,7261.6,7249.6,6862.4,6624.8,
Drama,EN,All students,12847.2,12111.2,11091.2,10464,10580.8,9898.4,9531.2,
Economics,EN,Male,12946.4,13032,13971.2,14388,14920.8,15916,16517.6,
Economics,EN,Female,6128,6429.6,6940,6901.6,7139.2,7592,7541.6,
Economics,EN,All students,19074.4,19461.6,20911.2,21289.6,22060,23508,24059.2,
English language,EN,Male,5271.2,5271.2,5271.2,5271.2,20138.4,5271.2,5271.2,
English language,EN,Female,11671.2,11671.2,11671.2,11671.2,11671.2,11671.2,11671.2,
English language,EN,All students,16942.4,16942.4,16942.4,16942.4,16942.4,16942.4,16942.4,
English literature,EN,Male,9068.8,9068.8,9068.8,9068.8,9068.8,9068.8,9068.8,
English literature,EN,Female,28060,28060,28060,28060,28060,28060,28060,
English literature,EN,All students,37128.8,37128.8,37128.8,37128.8,37128.8,37128.8,37128.8,
English language and literature,EN,Male,2494.4,2494.4,2494.4,2494.4,2494.4,2494.4,2494.4,
English language and literature,EN,Female,6352,6352,6352,6352,6352,6352,6352,
English language and literature,EN,All students,8846.4,8846.4,8846.4,8846.4,8846.4,8846.4,8846.4,
French,EN,Male,3285.6,3134.4,2808,2641.6,2540.8,2474.4,2333.6,
French,EN,Female,7271.2,6874.4,6209.6,5704.8,5721.6,5263.2,5240.8,
French,EN,All students,10556.8,10008.8,9017.6,8346.4,8262.4,7737.6,7574.4,
General studies,EN,Male,15472.8,13036,11380.8,8505.6,6599.2,4569.6,2822.4,
General studies,EN,Female,17314.4,15410.4,13868.8,10601.6,7874.4,4837.6,2895.2,
General studies,EN,All students,32787.2,28446.4,25249.6,19107.2,14473.6,9407.2,5717.6,
Geography,EN,Male,13391.2,13427.2,13420.8,13191.2,14678.4,14537.6,14930.4,
Geography,EN,Female,11589.6,12176.8,12876.8,13214.4,15077.6,14552.8,15320.8,
Geography,EN,All students,24980.8,25604,26297.6,26405.6,29756,29090.4,30251.2,
German,EN,Male,1716,1567.2,1360.8,1331.2,1296.8,1204,1243.2,
German,EN,Female,2416.8,2251.2,2032.8,2018.4,1910.4,1869.6,1687.2,
German,EN,All students,4132.8,3818.4,3393.6,3349.6,3207.2,3073.6,2930.4,
History,EN,Male,19964,20128.8,20129.6,19857.6,20944.8,20201.6,18440.8,
History,EN,Female,20753.6,21192.8,21589.6,21847.2,23733.6,23583.2,21808,
History,EN,All students,40717.6,41321.6,41719.2,41704.8,44678.4,43784.8,40248.8,
ICT,EN,Male,5826.4,5443.2,5193.6,4846.4,4696,4490.4,4096.8,
ICT,EN,Female,3741.6,3427.2,3141.6,2736.8,2603.2,2499.2,1988.8,
ICT,EN,All students,9568,8870.4,8335.2,7583.2,7299.2,6989.6,6085.6,
Irish,EN,Male,102.4,80.8,88.8,82.4,72.8,87.2,85.6,
Irish,EN,Female,160,162.4,159.2,168,191.2,177.6,180.8,
Irish,EN,All students,262.4,243.2,248,250.4,264,264.8,266.4,
Law,EN,Male,4556.8,4128,3871.2,3405.6,3121.6,3295.2,3259.2,
Law,EN,Female,6946.4,6395.2,6147.2,5808,5468.8,5722.4,5971.2,
Law,EN,All students,11503.2,10523.2,10018.4,9213.6,8590.4,9017.6,9230.4,
Maths,EN,Male,39862.4,41130.4,42748,43553.6,45419.2,45228,46425.6,
Maths,EN,Female,26533.6,27440.8,27700,27499.2,28749.6,28502.4,29769.6,
Maths,EN,All students,66396,68571.2,70448,71052.8,74168.8,73730.4,76195.2,
Further maths,EN,Male,6764,7400.8,7896,8042.4,8652.8,8843.2,9384.8,
Further maths,EN,Female,3065.6,3177.6,3160.8,3180,3341.6,3362.4,3552.8,
Further maths,EN,All students,9829.6,10578.4,11056.8,11222.4,11994.4,12205.6,12937.6,
Media/film/TV studies,EN,Male,12436.8,11620.8,10385.6,10208.8,9903.2,9919.2,9415.2,
Media/film/TV studies,EN,Female,14647.2,14068,12904,12588.8,12870.4,12592.8,12149.6,
Media/film/TV studies,EN,All students,27084,25688.8,23289.6,22797.6,22773.6,22512,21564.8,
Music,EN,Male,4847.2,4564,4241.6,3967.2,3608,3131.2,2672,
Music,EN,Female,3204,3032,2829.6,2732.8,2612.8,2540,2470.4,
Music,EN,All students,8051.2,7596,7071.2,6700,6220.8,5671.2,5142.4,
Performing/expressive arts,EN,Male,372,310.4,272.8,184,238.4,178.4,164.8,
Performing/expressive arts,EN,Female,2488,2211.2,1952.8,1852.8,1820,1564.8,1393.6,
Performing/expressive arts,EN,All students,2860,2521.6,2225.6,2036.8,2058.4,1743.2,1558.4,
Physical education,EN,Male,10089.6,8824,7549.6,6672.8,6299.2,5680,5390.4,
Physical education,EN,Female,5385.6,4692.8,4003.2,3535.2,3624.8,3621.6,3524,
Physical education,EN,All students,15475.2,13516.8,11552.8,10208,9924,9301.6,8914.4,
Physics,EN,Male,20808.8,21718.4,22552,23166.4,22800,22159.2,22985.6,
Physics,EN,Female,5479.2,5888.8,5903.2,6194.4,6229.6,6116,6276.8,
Physics,EN,All students,26288,27607.2,28455.2,29360.8,29029.6,28275.2,29262.4,
Political studies,EN,Male,6815.2,6935.2,7110.4,6300,6740.8,6800,7494.4,
Political studies,EN,Female,5063.2,5272.8,5204,4708.8,5341.6,5632,6524,
Political studies,EN,All students,11878.4,12208,12314.4,11008.8,12082.4,12432,14018.4,
Psychology,EN,Male,12190.4,12142.4,11516,10920.8,11006.4,11268,11731.2,
Psychology,EN,Female,32716,33046.4,33354.4,32933.6,34604.8,36307.2,35199.2,
Psychology,EN,All students,44906.4,45188.8,44870.4,43854.4,45611.2,47575.2,46930.4,
Religious studies,EN,Male,5681.6,5838.4,5876,5940.8,6332,6572,6032.8,
Religious studies,EN,Female,12178.4,12595.2,12807.2,13429.6,14286.4,15053.6,14836,
Religious studies,EN,All students,17860,18433.6,18683.2,19370.4,20618.4,21625.6,20868.8,
Sociology,EN,Male,6260,6274.4,6048.8,5948.8,6055.2,6278.4,6373.6,
Sociology,EN,Female,18311.2,18811.2,18501.6,18526.4,19751.2,20905.6,21312,
Sociology,EN,All students,24571.2,25085.6,24550.4,24475.2,25806.4,27184,27685.6,
Spanish,EN,Male,2017.6,1984,1998.4,2124,2317.6,2328.8,2325.6,
Spanish,EN,Female,4070.4,3896.8,4122.4,3956.8,4637.6,4439.2,4555.2,
Spanish,EN,All students,6088,5880.8,6120.8,6080.8,6955.2,6768,6880.8,
Welsh first language,EN,Male,156.8,129.6,109.6,100.8,100,101.6,44.8,
Welsh first language,EN,Female,576.8,557.6,492,452.8,442.4,386.4,141.6,
Welsh first language,EN,All students,733.6,687.2,601.6,553.6,542.4,488,186.4,
Welsh second language,EN,Male,44.8,44.8,44.8,44.8,44.8,44.8,44.8,
Welsh second language,EN,Female,221.6,221.6,221.6,221.6,221.6,221.6,221.6,
Welsh second language,EN,All students,266.4,266.4,266.4,266.4,266.4,266.4,266.4,
Other modern languages,EN,Male,3163.2,3216,3122.4,3048.8,3195.2,3118.4,3183.2,
Other modern languages,EN,Female,3999.2,4092.8,4147.2,4156.8,4304.8,4248.8,4325.6,
Other modern languages,EN,All students,7162.4,7308.8,7269.6,7205.6,7500,7367.2,7508.8,
Other sciences,EN,Male,2024,2090.4,2139.2,2152.8,2112,1989.6,1696,
Other sciences,EN,Female,597.6,609.6,642.4,636,672.8,653.6,576,
Other sciences,EN,All students,2621.6,2700,2781.6,2788.8,2784.8,2643.2,2272,
All other subjects,EN,Male,4789.6,4638.4,4283.2,3982.4,3737.6,3292.8,3081.6,
All other subjects,EN,Female,4436.8,4611.2,4313.6,5566.4,5634.4,5465.6,5284,
All other subjects,EN,All students,9226.4,9249.6,8596.8,9548.8,9372,8758.4,8365.6,
All subjects,EN,Male,321340.8,316731.2,311640,303858.4,306680,300180.8,298923.2,
All subjects,EN,Female,372512.8,372724,368961.6,363187.2,373919.2,369183.2,363760.8,
All subjects,EN,All students,693853.6,689455.2,680601.6,667045.6,680599.2,669364,662684,
Art and design subjects,WA,Male,1834.95,1794,1631.1,1657.65,1596.75,1547.25,1607.7,
Art and design subjects,WA,Female,5058.9,5178.45,4979.25,5080.65,5132.85,4939.05,4940.25,
Art and design subjects,WA,All students,6893.85,6972.45,6610.35,6738.3,6729.6,6486.3,6547.95,
Biology,WA,Male,4041.3,4111.5,4048.2,3951.9,3743.25,3655.65,3555.45,
Biology,WA,Female,5264.85,5349.6,5542.65,5658.6,5748,5741.85,5730.75,
Biology,WA,All students,9306.15,9461.1,9590.85,9610.5,9491.25,9397.5,9286.2,
Business studies,WA,Male,2647.2,2501.25,2440.5,2325.3,2431.35,2506.2,2696.55,
Business studies,WA,Female,1815,1783.8,1710.45,1686.45,1672.95,1725,1806.9,
Business studies,WA,All students,4462.2,4285.05,4150.95,4011.75,4104.3,4231.2,4503.45,
Chemistry,WA,Male,3799.35,3896.1,4048.2,4145.55,4015.65,3890.55,3857.4,
Chemistry,WA,Female,3412.95,3489,3724.5,3881.4,3880.95,3881.1,3992.25,
Chemistry,WA,All students,7212.3,7385.1,7772.7,8026.95,7896.6,7771.65,7849.65,
Classical subjects,WA,Male,411.9,441.6,431.7,424.2,416.55,407.1,382.65,
Classical subjects,WA,Female,514.35,553.65,534.75,568.05,578.4,580.05,581.85,
Classical subjects,WA,All students,926.25,995.25,966.45,992.25,994.95,987.15,964.5,
Communication studies,WA,Male,85.35,85.2,71.55,72,74.1,74.55,60.3,
Communication studies,WA,Female,219.45,232.5,193.5,189.15,202.65,203.1,170.25,
Communication studies,WA,All students,304.8,317.7,265.05,261.15,276.75,277.65,230.55,
Computing,WA,Male,555,526.8,526.95,578.55,739.05,844.95,1122.45,
Computing,WA,Female,45.3,44.55,36.75,47.1,68.4,91.35,122.4,
Computing,WA,All students,600.3,571.35,563.7,625.65,807.45,936.3,1244.85,
Critical thinking,WA,Male,110.7,76.05,60.6,32.7,17.25,6,3.9,
Critical thinking,WA,Female,147.45,91.5,87.9,46.65,18.15,11.55,2.85,
Critical thinking,WA,All students,258.15,167.55,148.5,79.35,35.4,17.55,6.75,
Design and technology,WA,Male,1581.45,1471.05,1354.65,1215,1182.6,1148.25,1152.3,
Design and technology,WA,Female,1155.9,1094.7,991.5,838.65,803.4,723.3,709.95,
Design and technology,WA,All students,2737.35,2565.75,2346.15,2053.65,1986,1871.55,1862.25,
Drama,WA,Male,772.2,714.45,650.7,600.45,624.6,569.25,544.95,
Drama,WA,Female,1636.65,1556.4,1428.9,1361.55,1359.3,1286.7,1242.15,
Drama,WA,All students,2408.85,2270.85,2079.6,1962,1983.9,1855.95,1787.1,
Economics,WA,Male,2427.45,2443.5,2619.6,2697.75,2797.65,2984.25,3097.05,
Economics,WA,Female,1149,1205.55,1301.25,1294.05,1338.6,1423.5,1414.05,
Economics,WA,All students,3576.45,3649.05,3920.85,3991.8,4136.25,4407.75,4511.1,
English language,WA,Male,988.35,988.35,988.35,988.35,3775.95,988.35,988.35,
English language,WA,Female,2188.35,2188.35,2188.35,2188.35,2188.35,2188.35,2188.35,
English language,WA,All students,3176.7,3176.7,3176.7,3176.7,3176.7,3176.7,3176.7,
English literature,WA,Male,1700.4,1700.4,1700.4,1700.4,1700.4,1700.4,1700.4,
English literature,WA,Female,5261.25,5261.25,5261.25,5261.25,5261.25,5261.25,5261.25,
English literature,WA,All students,6961.65,6961.65,6961.65,6961.65,6961.65,6961.65,6961.65,
English language and literature,WA,Male,467.7,467.7,467.7,467.7,467.7,467.7,467.7,
English language and literature,WA,Female,1191,1191,1191,1191,1191,1191,1191,
English language and literature,WA,All students,1658.7,1658.7,1658.7,1658.7,1658.7,1658.7,1658.7,
French,WA,Male,616.05,587.7,526.5,495.3,476.4,463.95,437.55,
French,WA,Female,1363.35,1288.95,1164.3,1069.65,1072.8,986.85,982.65,
French,WA,All students,1979.4,1876.65,1690.8,1564.95,1549.2,1450.8,1420.2,
General studies,WA,Male,2901.15,2444.25,2133.9,1594.8,1237.35,856.8,529.2,
General studies,WA,Female,3246.45,2889.45,2600.4,1987.8,1476.45,907.05,542.85,
General studies,WA,All students,6147.6,5333.7,4734.3,3582.6,2713.8,1763.85,1072.05,
Geography,WA,Male,2510.85,2517.6,2516.4,2473.35,2752.2,2725.8,2799.45,
Geography,WA,Female,2173.05,2283.15,2414.4,2477.7,2827.05,2728.65,2872.65,
Geography,WA,All students,4683.9,4800.75,4930.8,4951.05,5579.25,5454.45,5672.1,
German,WA,Male,321.75,293.85,255.15,249.6,243.15,225.75,233.1,
German,WA,Female,453.15,422.1,381.15,378.45,358.2,350.55,316.35,
German,WA,All students,774.9,715.95,636.3,628.05,601.35,576.3,549.45,
History,WA,Male,3743.25,3774.15,3774.3,3723.3,3927.15,3787.8,3457.65,
History,WA,Female,3891.3,3973.65,4048.05,4096.35,4450.05,4421.85,4089,
History,WA,All students,7634.55,7747.8,7822.35,7819.65,8377.2,8209.65,7546.65,
ICT,WA,Male,1092.45,1020.6,973.8,908.7,880.5,841.95,768.15,
ICT,WA,Female,701.55,642.6,589.05,513.15,488.1,468.6,372.9,
ICT,WA,All students,1794,1663.2,1562.85,1421.85,1368.6,1310.55,1141.05,
Irish,WA,Male,19.2,15.15,16.65,15.45,13.65,16.35,16.05,
Irish,WA,Female,30,30.45,29.85,31.5,35.85,33.3,33.9,
Irish,WA,All students,49.2,45.6,46.5,46.95,49.5,49.65,49.95,
Law,WA,Male,854.4,774,725.85,638.55,585.3,617.85,611.1,
Law,WA,Female,1302.45,1199.1,1152.6,1089,1025.4,1072.95,1119.6,
Law,WA,All students,2156.85,1973.1,1878.45,1727.55,1610.7,1690.8,1730.7,
Maths,WA,Male,7474.2,7711.95,8015.25,8166.3,8516.1,8480.25,8704.8,
Maths,WA,Female,4975.05,5145.15,5193.75,5156.1,5390.55,5344.2,5581.8,
Maths,WA,All students,12449.25,12857.1,13209,13322.4,13906.65,13824.45,14286.6,
Further maths,WA,Male,1268.25,1387.65,1480.5,1507.95,1622.4,1658.1,1759.65,
Further maths,WA,Female,574.8,595.8,592.65,596.25,626.55,630.45,666.15,
Further maths,WA,All students,1843.05,1983.45,2073.15,2104.2,2248.95,2288.55,2425.8,
Media/film/TV studies,WA,Male,2331.9,2178.9,1947.3,1914.15,1856.85,1859.85,1765.35,
Media/film/TV studies,WA,Female,2746.35,2637.75,2419.5,2360.4,2413.2,2361.15,2278.05,
Media/film/TV studies,WA,All students,5078.25,4816.65,4366.8,4274.55,4270.05,4221,4043.4,
Music,WA,Male,908.85,855.75,795.3,743.85,676.5,587.1,501,
Music,WA,Female,600.75,568.5,530.55,512.4,489.9,476.25,463.2,
Music,WA,All students,1509.6,1424.25,1325.85,1256.25,1166.4,1063.35,964.2,
Performing/expressive arts,WA,Male,69.75,58.2,51.15,34.5,44.7,33.45,30.9,
Performing/expressive arts,WA,Female,466.5,414.6,366.15,347.4,341.25,293.4,261.3,
Performing/expressive arts,WA,All students,536.25,472.8,417.3,381.9,385.95,326.85,292.2,
Physical education,WA,Male,1891.8,1654.5,1415.55,1251.15,1181.1,1065,1010.7,
Physical education,WA,Female,1009.8,879.9,750.6,662.85,679.65,679.05,660.75,
Physical education,WA,All students,2901.6,2534.4,2166.15,1914,1860.75,1744.05,1671.45,
Physics,WA,Male,3901.65,4072.2,4228.5,4343.7,4275,4154.85,4309.8,
Physics,WA,Female,1027.35,1104.15,1106.85,1161.45,1168.05,1146.75,1176.9,
Physics,WA,All students,4929,5176.35,5335.35,5505.15,5443.05,5301.6,5486.7,
Political studies,WA,Male,1277.85,1300.35,1333.2,1181.25,1263.9,1275,1405.2,
Political studies,WA,Female,949.35,988.65,975.75,882.9,1001.55,1056,1223.25,
Political studies,WA,All students,2227.2,2289,2308.95,2064.15,2265.45,2331,2628.45,
Psychology,WA,Male,2285.7,2276.7,2159.25,2047.65,2063.7,2112.75,2199.6,
Psychology,WA,Female,6134.25,6196.2,6253.95,6175.05,6488.4,6807.6,6599.85,
Psychology,WA,All students,8419.95,8472.9,8413.2,8222.7,8552.1,8920.35,8799.45,
Religious studies,WA,Male,1065.3,1094.7,1101.75,1113.9,1187.25,1232.25,1131.15,
Religious studies,WA,Female,2283.45,2361.6,2401.35,2518.05,2678.7,2822.55,2781.75,
Religious studies,WA,All students,3348.75,3456.3,3503.1,3631.95,3865.95,4054.8,3912.9,
Sociology,WA,Male,1173.75,1176.45,1134.15,1115.4,1135.35,1177.2,1195.05,
Sociology,WA,Female,3433.35,3527.1,3469.05,3473.7,3703.35,3919.8,3996,
Sociology,WA,All students,4607.1,4703.55,4603.2,4589.1,4838.7,5097,5191.05,
Spanish,WA,Male,378.3,372,374.7,398.25,434.55,436.65,436.05,
Spanish,WA,Female,763.2,730.65,772.95,741.9,869.55,832.35,854.1,
Spanish,WA,All students,1141.5,1102.65,1147.65,1140.15,1304.1,1269,1290.15,
Welsh first language,WA,Male,29.4,24.3,20.55,18.9,18.75,19.05,8.4,
Welsh first language,WA,Female,108.15,104.55,92.25,84.9,82.95,72.45,26.55,
Welsh first language,WA,All students,137.55,128.85,112.8,103.8,101.7,91.5,34.95,
Welsh second language,WA,Male,8.4,8.4,8.4,8.4,8.4,8.4,8.4,
Welsh second language,WA,Female,41.55,41.55,41.55,41.55,41.55,41.55,41.55,
Welsh second language,WA,All students,49.95,49.95,49.95,49.95,49.95,49.95,49.95,
Other modern languages,WA,Male,593.1,603,585.45,571.65,599.1,584.7,596.85,
Other modern languages,WA,Female,749.85,767.4,777.6,779.4,807.15,796.65,811.05,
Other modern languages,WA,All students,1342.95,1370.4,1363.05,1351.05,1406.25,1381.35,1407.9,
Other sciences,WA,Male,379.5,391.95,401.1,403.65,396,373.05,318,
Other sciences,WA,Female,112.05,114.3,120.45,119.25,126.15,122.55,108,
Other sciences,WA,All students,491.55,506.25,521.55,522.9,522.15,495.6,426,
All other subjects,WA,Male,898.05,869.7,803.1,746.7,700.8,617.4,577.8,
All other subjects,WA,Female,831.9,864.6,808.8,1043.7,1056.45,1024.8,990.75,
All other subjects,WA,All students,1729.95,1734.3,1611.9,1790.4,1757.25,1642.2,1568.55,
All subjects,WA,Male,60251.4,59387.1,58432.5,56973.45,57502.5,56283.9,56048.1,
All subjects,WA,Female,69846.15,69885.75,69180.3,68097.6,70109.85,69221.85,68205.15,
All subjects,WA,All students,130097.55,129272.85,127612.8,125071.05,127612.35,125505.75,124253.25,
Art and design subjects,NI,Male,611.65,598,543.7,552.55,532.25,515.75,535.9,
Art and design subjects,NI,Female,1686.3,1726.15,1659.75,1693.55,1710.95,1646.35,1646.75,
Art and design subjects,NI,All students,2297.95,2324.15,2203.45,2246.1,2243.2,2162.1,2182.65,
Biology,NI,Male,1347.1,1370.5,1349.4,1317.3,1247.75,1218.55,1185.15,
Biology,NI,Female,1754.95,1783.2,1847.55,1886.2,1916,1913.95,1910.25,
Biology,NI,All students,3102.05,3153.7,3196.95,3203.5,3163.75,3132.5,3095.4,
Business studies,NI,Male,882.4,833.75,813.5,775.1,810.45,835.4,898.85,
Business studies,NI,Female,605,594.6,570.15,562.15,557.65,575,602.3,
Business studies,NI,All students,1487.4,1428.35,1383.65,1337.25,1368.1,1410.4,1501.15,
Chemistry,NI,Male,1266.45,1298.7,1349.4,1381.85,1338.55,1296.85,1285.8,
Chemistry,NI,Female,1137.65,1163,1241.5,1293.8,1293.65,1293.7,1330.75,
Chemistry,NI,All students,2404.1,2461.7,2590.9,2675.65,2632.2,2590.55,2616.55,
Classical subjects,NI,Male,137.3,147.2,143.9,141.4,138.85,135.7,127.55,
Classical subjects,NI,Female,171.45,184.55,178.25,189.35,192.8,193.35,193.95,
Classical subjects,NI,All students,308.75,331.75,322.15,330.75,331.65,329.05,321.5,
Communication studies,NI,Male,28.45,28.4,23.85,24,24.7,24.85,20.1,
Communication studies,NI,Female,73.15,77.5,64.5,63.05,67.55,67.7,56.75,
Communication studies,NI,All students,101.6,105.9,88.35,87.05,92.25,92.55,76.85,
Computing,NI,Male,185,175.6,175.65,192.85,246.35,281.65,374.15,
Computing,NI,Female,15.1,14.85,12.25,15.7,22.8,30.45,40.8,
Computing,NI,All students,200.1,190.45,187.9,208.55,269.15,312.1,414.95,
Critical thinking,NI,Male,36.9,25.35,20.2,10.9,5.75,2,1.3,
Critical thinking,NI,Female,49.15,30.5,29.3,15.55,6.05,3.85,0.95,
Critical thinking,NI,All students,86.05,55.85,49.5,26.45,11.8,5.85,2.25,
Design and technology,NI,Male,527.15,490.35,451.55,405,394.2,382.75,384.1,
Design and technology,NI,Female,385.3,364.9,330.5,279.55,267.8,241.1,236.65,
Design and technology,NI,All students,912.45,855.25,782.05,684.55,662,623.85,620.75,
Drama,NI,Male,257.4,238.15,216.9,200.15,208.2,189.75,181.65,
Drama,NI,Female,545.55,518.8,476.3,453.85,453.1,428.9,414.05,
Drama,NI,All students,802.95,756.95,693.2,654,661.3,618.65,595.7,
Economics,NI,Male,809.15,814.5,873.2,899.25,932.55,994.75,1032.35,
Economics,NI,Female,383,401.85,433.75,431.35,446.2,474.5,471.35,
Economics,NI,All students,1192.15,1216.35,1306.95,1330.6,1378.75,1469.25,1503.7,
English language,NI,Male,329.45,329.45,329.45,329.45,1258.65,329.45,329.45,
English language,NI,Female,729.45,729.45,729.45,729.45,729.45,729.45,729.45,
English language,NI,All students,1058.9,1058.9,1058.9,1058.9,1058.9,1058.9,1058.9,
English literature,NI,Male,566.8,566.8,566.8,566.8,566.8,566.8,566.8,
English literature,NI,Female,1753.75,1753.75,1753.75,1753.75,1753.75,1753.75,1753.75,
English literature,NI,All students,2320.55,2320.55,2320.55,2320.55,2320.55,2320.55,2320.55,
English language and literature,NI,Male,155.9,155.9,155.9,155.9,155.9,155.9,155.9,
English language and literature,NI,Female,397,397,397,397,397,397,397,
English language and literature,NI,All students,552.9,552.9,552.9,552.9,552.9,552.9,552.9,
French,NI,Male,205.35,195.9,175.5,165.1,158.8,154.65,145.85,
French,NI,Female,454.45,429.65,388.1,356.55,357.6,328.95,327.55,
French,NI,All students,659.8,625.55,563.6,521.65,516.4,483.6,473.4,
General studies,NI,Male,967.05,814.75,711.3,531.6,412.45,285.6,176.4,
General studies,NI,Female,1082.15,963.15,866.8,662.6,492.15,302.35,180.95,
General studies,NI,All students,2049.2,1777.9,1578.1,1194.2,904.6,587.95,357.35,
Geography,NI,Male,836.95,839.2,838.8,824.45,917.4,908.6,933.15,
Geography,NI,Female,724.35,761.05,804.8,825.9,942.35,909.55,957.55,
Geography,NI,All students,1561.3,1600.25,1643.6,1650.35,1859.75,1818.15,1890.7,
German,NI,Male,107.25,97.95,85.05,83.2,81.05,75.25,77.7,
German,NI,Female,151.05,140.7,127.05,126.15,119.4,116.85,105.45,
German,NI,All students,258.3,238.65,212.1,209.35,200.45,192.1,183.15,
History,NI,Male,1247.75,1258.05,1258.1,1241.1,1309.05,1262.6,1152.55,
History,NI,Female,1297.1,1324.55,1349.35,1365.45,1483.35,1473.95,1363,
History,NI,All students,2544.85,2582.6,2607.45,2606.55,2792.4,2736.55,2515.55,
ICT,NI,Male,364.15,340.2,324.6,302.9,293.5,280.65,256.05,
ICT,NI,Female,233.85,214.2,196.35,171.05,162.7,156.2,124.3,
ICT,NI,All students,598,554.4,520.95,473.95,456.2,436.85,380.35,
Irish,NI,Male,6.4,5.05,5.55,5.15,4.55,5.45,5.35,
Irish,NI,Female,10,10.15,9.95,10.5,11.95,11.1,11.3,
Irish,NI,All students,16.4,15.2,15.5,15.65,16.5,16.55,16.65,
Law,NI,Male,284.8,258,241.95,212.85,195.1,205.95,203.7,
Law,NI,Female,434.15,399.7,384.2,363,341.8,357.65,373.2,
Law,NI,All students,718.95,657.7,626.15,575.85,536.9,563.6,576.9,
Maths,NI,Male,2491.4,2570.65,2671.75,2722.1,2838.7,2826.75,2901.6,
Maths,NI,Female,1658.35,1715.05,1731.25,1718.7,1796.85,1781.4,1860.6,
Maths,NI,All students,4149.75,4285.7,4403,4440.8,4635.55,4608.15,4762.2,
Further maths,NI,Male,422.75,462.55,493.5,502.65,540.8,552.7,586.55,
Further maths,NI,Female,191.6,198.6,197.55,198.75,208.85,210.15,222.05,
Further maths,NI,All students,614.35,661.15,691.05,701.4,749.65,762.85,808.6,
Media/film/TV studies,NI,Male,777.3,726.3,649.1,638.05,618.95,619.95,588.45,
Media/film/TV studies,NI,Female,915.45,879.25,806.5,786.8,804.4,787.05,759.35,
Media/film/TV studies,NI,All students,1692.75,1605.55,1455.6,1424.85,1423.35,1407,1347.8,
Music,NI,Male,302.95,285.25,265.1,247.95,225.5,195.7,167,
Music,NI,Female,200.25,189.5,176.85,170.8,163.3,158.75,154.4,
Music,NI,All students,503.2,474.75,441.95,418.75,388.8,354.45,321.4,
Performing/expressive arts,NI,Male,23.25,19.4,17.05,11.5,14.9,11.15,10.3,
Performing/expressive arts,NI,Female,155.5,138.2,122.05,115.8,113.75,97.8,87.1,
Performing/expressive arts,NI,All students,178.75,157.6,139.1,127.3,128.65,108.95,97.4,
Physical education,NI,Male,630.6,551.5,471.85,417.05,393.7,355,336.9,
Physical education,NI,Female,336.6,293.3,250.2,220.95,226.55,226.35,220.25,
Physical education,NI,All students,967.2,844.8,722.05,638,620.25,581.35,557.15,
Physics,NI,Male,1300.55,1357.4,1409.5,1447.9,1425,1384.95,1436.6,
Physics,NI,Female,342.45,368.05,368.95,387.15,389.35,382.25,392.3,
Physics,NI,All students,1643,1725.45,1778.45,1835.05,1814.35,1767.2,1828.9,
Political studies,NI,Male,425.95,433.45,444.4,393.75,421.3,425,468.4,
Political studies,NI,Female,316.45,329.55,325.25,294.3,333.85,352,407.75,
Political studies,NI,All students,742.4,763,769.65,688.05,755.15,777,876.15,
Psychology,NI,Male,761.9,758.9,719.75,682.55,687.9,704.25,733.2,
Psychology,NI,Female,2044.75,2065.4,2084.65,2058.35,2162.8,2269.2,2199.95,
Psychology,NI,All students,2806.65,2824.3,2804.4,2740.9,2850.7,2973.45,2933.15,
Religious studies,NI,Male,355.1,364.9,367.25,371.3,395.75,410.75,377.05,
Religious studies,NI,Female,761.15,787.2,800.45,839.35,892.9,940.85,927.25,
Religious studies,NI,All students,1116.25,1152.1,1167.7,1210.65,1288.65,1351.6,1304.3,
Sociology,NI,Male,391.25,392.15,378.05,371.8,378.45,392.4,398.35,
Sociology,NI,Female,1144.45,1175.7,1156.35,1157.9,1234.45,1306.6,1332,
Sociology,NI,All students,1535.7,1567.85,1534.4,1529.7,1612.9,1699,1730.35,
Spanish,NI,Male,126.1,124,124.9,132.75,144.85,145.55,145.35,
Spanish,NI,Female,254.4,243.55,257.65,247.3,289.85,277.45,284.7,
Spanish,NI,All students,380.5,367.55,382.55,380.05,434.7,423,430.05,
Welsh first language,NI,Male,9.8,8.1,6.85,6.3,6.25,6.35,2.8,
Welsh first language,NI,Female,36.05,34.85,30.75,28.3,27.65,24.15,8.85,
Welsh first language,NI,All students,45.85,42.95,37.6,34.6,33.9,30.5,11.65,
Welsh second language,NI,Male,2.8,2.8,2.8,2.8,2.8,2.8,2.8,
Welsh second language,NI,Female,13.85,13.85,13.85,13.85,13.85,13.85,13.85,
Welsh second language,NI,All students,16.65,16.65,16.65,16.65,16.65,16.65,16.65,
Other modern languages,NI,Male,197.7,201,195.15,190.55,199.7,194.9,198.95,
Other modern languages,NI,Female,249.95,255.8,259.2,259.8,269.05,265.55,270.35,
Other modern languages,NI,All students,447.65,456.8,454.35,450.35,468.75,460.45,469.3,
Other sciences,NI,Male,126.5,130.65,133.7,134.55,132,124.35,106,
Other sciences,NI,Female,37.35,38.1,40.15,39.75,42.05,40.85,36,
Other sciences,NI,All students,163.85,168.75,173.85,174.3,174.05,165.2,142,
All other subjects,NI,Male,299.35,289.9,267.7,248.9,233.6,205.8,192.6,
All other subjects,NI,Female,277.3,288.2,269.6,347.9,352.15,341.6,330.25,
All other subjects,NI,All students,576.65,578.1,537.3,596.8,585.75,547.4,522.85,
All subjects,NI,Male,20083.8,19795.7,19477.5,18991.15,19167.5,18761.3,18682.7,
All subjects,NI,Female,23282.05,23295.25,23060.1,22699.2,23369.95,23073.95,22735.05,
All subjects,NI,All students,43365.85,43090.95,42537.6,41690.35,42537.45,41835.25,41417.75,
Art and design subjects,15,Male,611.65,598,543.7,552.55,532.25,515.75,535.9,
Art and design subjects,15,Female,1686.3,1726.15,1659.75,1693.55,1710.95,1646.35,1646.75,
Art and design subjects,15,All students,2297.95,2324.15,2203.45,2246.1,2243.2,2162.1,2182.65,
Biology,15,Male,1347.1,1370.5,1349.4,1317.3,1247.75,1218.55,1185.15,
Biology,15,Female,1754.95,1783.2,1847.55,1886.2,1916,1913.95,1910.25,
Biology,15,All students,3102.05,3153.7,3196.95,3203.5,3163.75,3132.5,3095.4,
Business studies,15,Male,882.4,833.75,813.5,775.1,810.45,835.4,898.85,
Business studies,15,Female,605,594.6,570.15,562.15,557.65,575,602.3,
Business studies,15,All students,1487.4,1428.35,1383.65,1337.25,1368.1,1410.4,1501.15,
Chemistry,15,Male,1266.45,1298.7,1349.4,1381.85,1338.55,1296.85,1285.8,
Chemistry,15,Female,1137.65,1163,1241.5,1293.8,1293.65,1293.7,1330.75,
Chemistry,15,All students,2404.1,2461.7,2590.9,2675.65,2632.2,2590.55,2616.55,
Classical subjects,15,Male,137.3,147.2,143.9,141.4,138.85,135.7,127.55,
Classical subjects,15,Female,171.45,184.55,178.25,189.35,192.8,193.35,193.95,
Classical subjects,15,All students,308.75,331.75,322.15,330.75,331.65,329.05,321.5,
Communication studies,15,Male,28.45,28.4,23.85,24,24.7,24.85,20.1,
Communication studies,15,Female,73.15,77.5,64.5,63.05,67.55,67.7,56.75,
Communication studies,15,All students,101.6,105.9,88.35,87.05,92.25,92.55,76.85,
Computing,15,Male,185,175.6,175.65,192.85,246.35,281.65,374.15,
Computing,15,Female,15.1,14.85,12.25,15.7,22.8,30.45,40.8,
Computing,15,All students,200.1,190.45,187.9,208.55,269.15,312.1,414.95,
Critical thinking,15,Male,36.9,25.35,20.2,10.9,5.75,2,1.3,
Critical thinking,15,Female,49.15,30.5,29.3,15.55,6.05,3.85,0.95,
Critical thinking,15,All students,86.05,55.85,49.5,26.45,11.8,5.85,2.25,
Design and technology,15,Male,527.15,490.35,451.55,405,394.2,382.75,384.1,
Design and technology,15,Female,385.3,364.9,330.5,279.55,267.8,241.1,236.65,
Design and technology,15,All students,912.45,855.25,782.05,684.55,662,623.85,620.75,
Drama,15,Male,257.4,238.15,216.9,200.15,208.2,189.75,181.65,
Drama,15,Female,545.55,518.8,476.3,453.85,453.1,428.9,414.05,
Drama,15,All students,802.95,756.95,693.2,654,661.3,618.65,595.7,
Economics,15,Male,809.15,814.5,873.2,899.25,932.55,994.75,1032.35,
Economics,15,Female,383,401.85,433.75,431.35,446.2,474.5,471.35,
Economics,15,All students,1192.15,1216.35,1306.95,1330.6,1378.75,1469.25,1503.7,
English language,15,Male,329.45,329.45,329.45,329.45,1258.65,329.45,329.45,
English language,15,Female,729.45,729.45,729.45,729.45,729.45,729.45,729.45,
English language,15,All students,1058.9,1058.9,1058.9,1058.9,1058.9,1058.9,1058.9,
English literature,15,Male,566.8,566.8,566.8,566.8,566.8,566.8,566.8,
English literature,15,Female,1753.75,1753.75,1753.75,1753.75,1753.75,1753.75,1753.75,
English literature,15,All students,2320.55,2320.55,2320.55,2320.55,2320.55,2320.55,2320.55,
English language and literature,15,Male,155.9,155.9,155.9,155.9,155.9,155.9,155.9,
English language and literature,15,Female,397,397,397,397,397,397,397,
English language and literature,15,All students,552.9,552.9,552.9,552.9,552.9,552.9,552.9,
French,15,Male,205.35,195.9,175.5,165.1,158.8,154.65,145.85,
French,15,Female,454.45,429.65,388.1,356.55,357.6,328.95,327.55,
French,15,All students,659.8,625.55,563.6,521.65,516.4,483.6,473.4,
General studies,15,Male,967.05,814.75,711.3,531.6,412.45,285.6,176.4,
General studies,15,Female,1082.15,963.15,866.8,662.6,492.15,302.35,180.95,
General studies,15,All students,2049.2,1777.9,1578.1,1194.2,904.6,587.95,357.35,
Geography,15,Male,836.95,839.2,838.8,824.45,917.4,908.6,933.15,
Geography,15,Female,724.35,761.05,804.8,825.9,942.35,909.55,957.55,
Geography,15,All students,1561.3,1600.25,1643.6,1650.35,1859.75,1818.15,1890.7,
German,15,Male,107.25,97.95,85.05,83.2,81.05,75.25,77.7,
German,15,Female,151.05,140.7,127.05,126.15,119.4,116.85,105.45,
German,15,All students,258.3,238.65,212.1,209.35,200.45,192.1,183.15,
History,15,Male,1247.75,1258.05,1258.1,1241.1,1309.05,1262.6,1152.55,
History,15,Female,1297.1,1324.55,1349.35,1365.45,1483.35,1473.95,1363,
History,15,All students,2544.85,2582.6,2607.45,2606.55,2792.4,2736.55,2515.55,
ICT,15,Male,364.15,340.2,324.6,302.9,293.5,280.65,256.05,
ICT,15,Female,233.85,214.2,196.35,171.05,162.7,156.2,124.3,
ICT,15,All students,598,554.4,520.95,473.95,456.2,436.85,380.35,
Irish,15,Male,6.4,5.05,5.55,5.15,4.55,5.45,5.35,
Irish,15,Female,10,10.15,9.95,10.5,11.95,11.1,11.3,
Irish,15,All students,16.4,15.2,15.5,15.65,16.5,16.55,16.65,
Law,15,Male,284.8,258,241.95,212.85,195.1,205.95,203.7,
Law,15,Female,434.15,399.7,384.2,363,341.8,357.65,373.2,
Law,15,All students,718.95,657.7,626.15,575.85,536.9,563.6,576.9,
Maths,15,Male,2491.4,2570.65,2671.75,2722.1,2838.7,2826.75,2901.6,
Maths,15,Female,1658.35,1715.05,1731.25,1718.7,1796.85,1781.4,1860.6,
Maths,15,All students,4149.75,4285.7,4403,4440.8,4635.55,4608.15,4762.2,
Further maths,15,Male,422.75,462.55,493.5,502.65,540.8,552.7,586.55,
Further maths,15,Female,191.6,198.6,197.55,198.75,208.85,210.15,222.05,
Further maths,15,All students,614.35,661.15,691.05,701.4,749.65,762.85,808.6,
Media/film/TV studies,15,Male,777.3,726.3,649.1,638.05,618.95,619.95,588.45,
Media/film/TV studies,15,Female,915.45,879.25,806.5,786.8,804.4,787.05,759.35,
Media/film/TV studies,15,All students,1692.75,1605.55,1455.6,1424.85,1423.35,1407,1347.8,
Music,15,Male,302.95,285.25,265.1,247.95,225.5,195.7,167,
Music,15,Female,200.25,189.5,176.85,170.8,163.3,158.75,154.4,
Music,15,All students,503.2,474.75,441.95,418.75,388.8,354.45,321.4,
Performing/expressive arts,15,Male,23.25,19.4,17.05,11.5,14.9,11.15,10.3,
Performing/expressive arts,15,Female,155.5,138.2,122.05,115.8,113.75,97.8,87.1,
Performing/expressive arts,15,All students,178.75,157.6,139.1,127.3,128.65,108.95,97.4,
Physical education,15,Male,630.6,551.5,471.85,417.05,393.7,355,336.9,
Physical education,15,Female,336.6,293.3,250.2,220.95,226.55,226.35,220.25,
Physical education,15,All students,967.2,844.8,722.05,638,620.25,581.35,557.15,
Physics,15,Male,1300.55,1357.4,1409.5,1447.9,1425,1384.95,1436.6,
Physics,15,Female,342.45,368.05,368.95,387.15,389.35,382.25,392.3,
Physics,15,All students,1643,1725.45,1778.45,1835.05,1814.35,1767.2,1828.9,
Political studies,15,Male,425.95,433.45,444.4,393.75,421.3,425,468.4,
Political studies,15,Female,316.45,329.55,325.25,294.3,333.85,352,407.75,
Political studies,15,All students,742.4,763,769.65,688.05,755.15,777,876.15,
Psychology,15,Male,761.9,758.9,719.75,682.55,687.9,704.25,733.2,
Psychology,15,Female,2044.75,2065.4,2084.65,2058.35,2162.8,2269.2,2199.95,
Psychology,15,All students,2806.65,2824.3,2804.4,2740.9,2850.7,2973.45,2933.15,
Religious studies,15,Male,355.1,364.9,367.25,371.3,395.75,410.75,377.05,
Religious studies,15,Female,761.15,787.2,800.45,839.35,892.9,940.85,927.25,
Religious studies,15,All students,1116.25,1152.1,1167.7,1210.65,1288.65,1351.6,1304.3,
Sociology,15,Male,391.25,392.15,378.05,371.8,378.45,392.4,398.35,
Sociology,15,Female,1144.45,1175.7,1156.35,1157.9,1234.45,1306.6,1332,
Sociology,15,All students,1535.7,1567.85,1534.4,1529.7,1612.9,1699,1730.35,
Spanish,15,Male,126.1,124,124.9,132.75,144.85,145.55,145.35,
Spanish,15,Female,254.4,243.55,257.65,247.3,289.85,277.45,284.7,
Spanish,15,All students,380.5,367.55,382.55,380.05,434.7,423,430.05,
Welsh first language,15,Male,9.8,8.1,6.85,6.3,6.25,6.35,2.8,
Welsh first language,15,Female,36.05,34.85,30.75,28.3,27.65,24.15,8.85,
Welsh first language,15,All students,45.85,42.95,37.6,34.6,33.9,30.5,11.65,
Welsh second language,15,Male,2.8,2.8,2.8,2.8,2.8,2.8,2.8,
Welsh second language,15,Female,13.85,13.85,13.85,13.85,13.85,13.85,13.85,
Welsh second language,15,All students,16.65,16.65,16.65,16.65,16.65,16.65,16.65,
Other modern languages,15,Male,197.7,201,195.15,190.55,199.7,194.9,198.95,
Other modern languages,15,Female,249.95,255.8,259.2,259.8,269.05,265.55,270.35,
Other modern languages,15,All students,447.65,456.8,454.35,450.35,468.75,460.45,469.3,
Other sciences,15,Male,126.5,130.65,133.7,134.55,132,124.35,106,
Other sciences,15,Female,37.35,38.1,40.15,39.75,42.05,40.85,36,
Other sciences,15,All students,163.85,168.75,173.85,174.3,174.05,165.2,142,
All other subjects,15,Male,299.35,289.9,267.7,248.9,233.6,205.8,192.6,
All other subjects,15,Female,277.3,288.2,269.6,347.9,352.15,341.6,330.25,
All other subjects,15,All students,576.65,578.1,537.3,596.8,585.75,547.4,522.85,
All subjects,15,Male,20083.8,19795.7,19477.5,18991.15,19167.5,18761.3,18682.7,
All subjects,15,Female,23282.05,23295.25,23060.1,22699.2,23369.95,23073.95,22735.05,
All subjects,15,All students,43365.85,43090.95,42537.6,41690.35,42537.45,41835.25,41417.75,
Art and design subjects,16,Male,11009.7,10764,9786.6,9945.9,9580.5,9283.5,9646.2,
Art and design subjects,16,Female,30353.4,31070.7,29875.5,30483.9,30797.1,29634.3,29641.5,
Art and design subjects,16,All students,41363.1,41834.7,39662.1,40429.8,40377.6,38917.8,39287.7,
Biology,16,Male,24247.8,24669,24289.2,23711.4,22459.5,21933.9,21332.7,
Biology,16,Female,31589.1,32097.6,33255.9,33951.6,34488,34451.1,34384.5,
Biology,16,All students,55836.9,56766.6,57545.1,57663,56947.5,56385,55717.2,
Business studies,16,Male,15883.2,15007.5,14643,13951.8,14588.1,15037.2,16179.3,
Business studies,16,Female,10890,10702.8,10262.7,10118.7,10037.7,10350,10841.4,
Business studies,16,All students,26773.2,25710.3,24905.7,24070.5,24625.8,25387.2,27020.7,
Chemistry,16,Male,22796.1,23376.6,24289.2,24873.3,24093.9,23343.3,23144.4,
Chemistry,16,Female,20477.7,20934,22347,23288.4,23285.7,23286.6,23953.5,
Chemistry,16,All students,43273.8,44310.6,46636.2,48161.7,47379.6,46629.9,47097.9,
Classical subjects,16,Male,2471.4,2649.6,2590.2,2545.2,2499.3,2442.6,2295.9,
Classical subjects,16,Female,3086.1,3321.9,3208.5,3408.3,3470.4,3480.3,3491.1,
Classical subjects,16,All students,5557.5,5971.5,5798.7,5953.5,5969.7,5922.9,5787,
Communication studies,16,Male,512.1,511.2,429.3,432,444.6,447.3,361.8,
Communication studies,16,Female,1316.7,1395,1161,1134.9,1215.9,1218.6,1021.5,
Communication studies,16,All students,1828.8,1906.2,1590.3,1566.9,1660.5,1665.9,1383.3,
Computing,16,Male,3330,3160.8,3161.7,3471.3,4434.3,5069.7,6734.7,
Computing,16,Female,271.8,267.3,220.5,282.6,410.4,548.1,734.4,
Computing,16,All students,3601.8,3428.1,3382.2,3753.9,4844.7,5617.8,7469.1,
Critical thinking,16,Male,664.2,456.3,363.6,196.2,103.5,36,23.4,
Critical thinking,16,Female,884.7,549,527.4,279.9,108.9,69.3,17.1,
Critical thinking,16,All students,1548.9,1005.3,891,476.1,212.4,105.3,40.5,
Design and technology,16,Male,9488.7,8826.3,8127.9,7290,7095.6,6889.5,6913.8,
Design and technology,16,Female,6935.4,6568.2,5949,5031.9,4820.4,4339.8,4259.7,
Design and technology,16,All students,16424.1,15394.5,14076.9,12321.9,11916,11229.3,11173.5,
Drama,16,Male,4633.2,4286.7,3904.2,3602.7,3747.6,3415.5,3269.7,
Drama,16,Female,9819.9,9338.4,8573.4,8169.3,8155.8,7720.2,7452.9,
Drama,16,All students,14453.1,13625.1,12477.6,11772,11903.4,11135.7,10722.6,
Economics,16,Male,14564.7,14661,15717.6,16186.5,16785.9,17905.5,18582.3,
Economics,16,Female,6894,7233.3,7807.5,7764.3,8031.6,8541,8484.3,
Economics,16,All students,21458.7,21894.3,23525.1,23950.8,24817.5,26446.5,27066.6,
English language,16,Male,5930.1,5930.1,5930.1,5930.1,22655.7,5930.1,5930.1,
English language,16,Female,13130.1,13130.1,13130.1,13130.1,13130.1,13130.1,13130.1,
English language,16,All students,19060.2,19060.2,19060.2,19060.2,19060.2,19060.2,19060.2,
English literature,16,Male,10202.4,10202.4,10202.4,10202.4,10202.4,10202.4,10202.4,
English literature,16,Female,31567.5,31567.5,31567.5,31567.5,31567.5,31567.5,31567.5,
English literature,16,All students,41769.9,41769.9,41769.9,41769.9,41769.9,41769.9,41769.9,
English language and literature,16,Male,2806.2,2806.2,2806.2,2806.2,2806.2,2806.2,2806.2,
English language and literature,16,Female,7146,7146,7146,7146,7146,7146,7146,
English language and literature,16,All students,9952.2,9952.2,9952.2,9952.2,9952.2,9952.2,9952.2,
French,16,Male,3696.3,3526.2,3159,2971.8,2858.4,2783.7,2625.3,
French,16,Female,8180.1,7733.7,6985.8,6417.9,6436.8,5921.1,5895.9,
French,16,All students,11876.4,11259.9,10144.8,9389.7,9295.2,8704.8,8521.2,
General studies,16,Male,17406.9,14665.5,12803.4,9568.8,7424.1,5140.8,3175.2,
General studies,16,Female,19478.7,17336.7,15602.4,11926.8,8858.7,5442.3,3257.1,
General studies,16,All students,36885.6,32002.2,28405.8,21495.6,16282.8,10583.1,6432.3,
Geography,16,Male,15065.1,15105.6,15098.4,14840.1,16513.2,16354.8,16796.7,
Geography,16,Female,13038.3,13698.9,14486.4,14866.2,16962.3,16371.9,17235.9,
Geography,16,All students,28103.4,28804.5,29584.8,29706.3,33475.5,32726.7,34032.6,
German,16,Male,1930.5,1763.1,1530.9,1497.6,1458.9,1354.5,1398.6,
German,16,Female,2718.9,2532.6,2286.9,2270.7,2149.2,2103.3,1898.1,
German,16,All students,4649.4,4295.7,3817.8,3768.3,3608.1,3457.8,3296.7,
History,16,Male,22459.5,22644.9,22645.8,22339.8,23562.9,22726.8,20745.9,
History,16,Female,23347.8,23841.9,24288.3,24578.1,26700.3,26531.1,24534,
History,16,All students,45807.3,46486.8,46934.1,46917.9,50263.2,49257.9,45279.9,
ICT,16,Male,6554.7,6123.6,5842.8,5452.2,5283,5051.7,4608.9,
ICT,16,Female,4209.3,3855.6,3534.3,3078.9,2928.6,2811.6,2237.4,
ICT,16,All students,10764,9979.2,9377.1,8531.1,8211.6,7863.3,6846.3,
Irish,16,Male,115.2,90.9,99.9,92.7,81.9,98.1,96.3,
Irish,16,Female,180,182.7,179.1,189,215.1,199.8,203.4,
Irish,16,All students,295.2,273.6,279,281.7,297,297.9,299.7,
Law,16,Male,5126.4,4644,4355.1,3831.3,3511.8,3707.1,3666.6,
Law,16,Female,7814.7,7194.6,6915.6,6534,6152.4,6437.7,6717.6,
Law,16,All students,12941.1,11838.6,11270.7,10365.3,9664.2,10144.8,10384.2,
Maths,16,Male,44845.2,46271.7,48091.5,48997.8,51096.6,50881.5,52228.8,
Maths,16,Female,29850.3,30870.9,31162.5,30936.6,32343.3,32065.2,33490.8,
Maths,16,All students,74695.5,77142.6,79254,79934.4,83439.9,82946.7,85719.6,
Further maths,16,Male,7609.5,8325.9,8883,9047.7,9734.4,9948.6,10557.9,
Further maths,16,Female,3448.8,3574.8,3555.9,3577.5,3759.3,3782.7,3996.9,
Further maths,16,All students,11058.3,11900.7,12438.9,12625.2,13493.7,13731.3,14554.8,
Media/film/TV studies,16,Male,13991.4,13073.4,11683.8,11484.9,11141.1,11159.1,10592.1,
Media/film/TV studies,16,Female,16478.1,15826.5,14517,14162.4,14479.2,14166.9,13668.3,
Media/film/TV studies,16,All students,30469.5,28899.9,26200.8,25647.3,25620.3,25326,24260.4,
Music,16,Male,5453.1,5134.5,4771.8,4463.1,4059,3522.6,3006,
Music,16,Female,3604.5,3411,3183.3,3074.4,2939.4,2857.5,2779.2,
Music,16,All students,9057.6,8545.5,7955.1,7537.5,6998.4,6380.1,5785.2,
Performing/expressive arts,16,Male,418.5,349.2,306.9,207,268.2,200.7,185.4,
Performing/expressive arts,16,Female,2799,2487.6,2196.9,2084.4,2047.5,1760.4,1567.8,
Performing/expressive arts,16,All students,3217.5,2836.8,2503.8,2291.4,2315.7,1961.1,1753.2,
Physical education,16,Male,11350.8,9927,8493.3,7506.9,7086.6,6390,6064.2,
Physical education,16,Female,6058.8,5279.4,4503.6,3977.1,4077.9,4074.3,3964.5,
Physical education,16,All students,17409.6,15206.4,12996.9,11484,11164.5,10464.3,10028.7,
Physics,16,Male,23409.9,24433.2,25371,26062.2,25650,24929.1,25858.8,
Physics,16,Female,6164.1,6624.9,6641.1,6968.7,7008.3,6880.5,7061.4,
Physics,16,All students,29574,31058.1,32012.1,33030.9,32658.3,31809.6,32920.2,
Political studies,16,Male,7667.1,7802.1,7999.2,7087.5,7583.4,7650,8431.2,
Political studies,16,Female,5696.1,5931.9,5854.5,5297.4,6009.3,6336,7339.5,
Political studies,16,All students,13363.2,13734,13853.7,12384.9,13592.7,13986,15770.7,
Psychology,16,Male,13714.2,13660.2,12955.5,12285.9,12382.2,12676.5,13197.6,
Psychology,16,Female,36805.5,37177.2,37523.7,37050.3,38930.4,40845.6,39599.1,
Psychology,16,All students,50519.7,50837.4,50479.2,49336.2,51312.6,53522.1,52796.7,
Religious studies,16,Male,6391.8,6568.2,6610.5,6683.4,7123.5,7393.5,6786.9,
Religious studies,16,Female,13700.7,14169.6,14408.1,15108.3,16072.2,16935.3,16690.5,
Religious studies,16,All students,20092.5,20737.8,21018.6,21791.7,23195.7,24328.8,23477.4,
Sociology,16,Male,7042.5,7058.7,6804.9,6692.4,6812.1,7063.2,7170.3,
Sociology,16,Female,20600.1,21162.6,20814.3,20842.2,22220.1,23518.8,23976,
Sociology,16,All students,27642.6,28221.3,27619.2,27534.6,29032.2,30582,31146.3,
Spanish,16,Male,2269.8,2232,2248.2,2389.5,2607.3,2619.9,2616.3,
Spanish,16,Female,4579.2,4383.9,4637.7,4451.4,5217.3,4994.1,5124.6,
Spanish,16,All students,6849,6615.9,6885.9,6840.9,7824.6,7614,7740.9,
Welsh first language,16,Male,176.4,145.8,123.3,113.4,112.5,114.3,50.4,
Welsh first language,16,Female,648.9,627.3,553.5,509.4,497.7,434.7,159.3,
Welsh first language,16,All students,825.3,773.1,676.8,622.8,610.2,549,209.7,
Welsh second language,16,Male,50.4,50.4,50.4,50.4,50.4,50.4,50.4,
Welsh second language,16,Female,249.3,249.3,249.3,249.3,249.3,249.3,249.3,
Welsh second language,16,All students,299.7,299.7,299.7,299.7,299.7,299.7,299.7,
Other modern languages,16,Male,3558.6,3618,3512.7,3429.9,3594.6,3508.2,3581.1,
Other modern languages,16,Female,4499.1,4604.4,4665.6,4676.4,4842.9,4779.9,4866.3,
Other modern languages,16,All students,8057.7,8222.4,8178.3,8106.3,8437.5,8288.1,8447.4,
Other sciences,16,Male,2277,2351.7,2406.6,2421.9,2376,2238.3,1908,
Other sciences,16,Female,672.3,685.8,722.7,715.5,756.9,735.3,648,
Other sciences,16,All students,2949.3,3037.5,3129.3,3137.4,3132.9,2973.6,2556,
All other subjects,16,Male,5388.3,5218.2,4818.6,4480.2,4204.8,3704.4,3466.8,
All other subjects,16,Female,4991.4,5187.6,4852.8,6262.2,6338.7,6148.8,5944.5,
All other subjects,16,All students,10379.7,10405.8,9671.4,10742.4,10543.5,9853.2,9411.3,
All subjects,16,Male,361508.4,356322.6,350595,341840.7,345015,337703.4,336288.6,
All subjects,16,Female,419076.9,419314.5,415081.8,408585.6,420659.1,415331.1,409230.9,
All subjects,16,All students,780585.3,775637.1,765676.8,750426.3,765674.1,753034.5,745519.5,
Art and design subjects,17,Male,611.65,598,543.7,552.55,532.25,515.75,535.9,
Art and design subjects,17,Female,1686.3,1726.15,1659.75,1693.55,1710.95,1646.35,1646.75,
Art and design subjects,17,All students,2297.95,2324.15,2203.45,2246.1,2243.2,2162.1,2182.65,
Biology,17,Male,1347.1,1370.5,1349.4,1317.3,1247.75,1218.55,1185.15,
Biology,17,Female,1754.95,1783.2,1847.55,1886.2,1916,1913.95,1910.25,
Biology,17,All students,3102.05,3153.7,3196.95,3203.5,3163.75,3132.5,3095.4,
Business studies,17,Male,882.4,833.75,813.5,775.1,810.45,835.4,898.85,
Business studies,17,Female,605,594.6,570.15,562.15,557.65,575,602.3,
Business studies,17,All students,1487.4,1428.35,1383.65,1337.25,1368.1,1410.4,1501.15,
Chemistry,17,Male,1266.45,1298.7,1349.4,1381.85,1338.55,1296.85,1285.8,
Chemistry,17,Female,1137.65,1163,1241.5,1293.8,1293.65,1293.7,1330.75,
Chemistry,17,All students,2404.1,2461.7,2590.9,2675.65,2632.2,2590.55,2616.55,
Classical subjects,17,Male,137.3,147.2,143.9,141.4,138.85,135.7,127.55,
Classical subjects,17,Female,171.45,184.55,178.25,189.35,192.8,193.35,193.95,
Classical subjects,17,All students,308.75,331.75,322.15,330.75,331.65,329.05,321.5,
Communication studies,17,Male,28.45,28.4,23.85,24,24.7,24.85,20.1,
Communication studies,17,Female,73.15,77.5,64.5,63.05,67.55,67.7,56.75,
Communication studies,17,All students,101.6,105.9,88.35,87.05,92.25,92.55,76.85,
Computing,17,Male,185,175.6,175.65,192.85,246.35,281.65,374.15,
Computing,17,Female,15.1,14.85,12.25,15.7,22.8,30.45,40.8,
Computing,17,All students,200.1,190.45,187.9,208.55,269.15,312.1,414.95,
Critical thinking,17,Male,36.9,25.35,20.2,10.9,5.75,2,1.3,
Critical thinking,17,Female,49.15,30.5,29.3,15.55,6.05,3.85,0.95,
Critical thinking,17,All students,86.05,55.85,49.5,26.45,11.8,5.85,2.25,
Design and technology,17,Male,527.15,490.35,451.55,405,394.2,382.75,384.1,
Design and technology,17,Female,385.3,364.9,330.5,279.55,267.8,241.1,236.65,
Design and technology,17,All students,912.45,855.25,782.05,684.55,662,623.85,620.75,
Drama,17,Male,257.4,238.15,216.9,200.15,208.2,189.75,181.65,
Drama,17,Female,545.55,518.8,476.3,453.85,453.1,428.9,414.05,
Drama,17,All students,802.95,756.95,693.2,654,661.3,618.65,595.7,
Economics,17,Male,809.15,814.5,873.2,899.25,932.55,994.75,1032.35,
Economics,17,Female,383,401.85,433.75,431.35,446.2,474.5,471.35,
Economics,17,All students,1192.15,1216.35,1306.95,1330.6,1378.75,1469.25,1503.7,
English language,17,Male,329.45,329.45,329.45,329.45,1258.65,329.45,329.45,
English language,17,Female,729.45,729.45,729.45,729.45,729.45,729.45,729.45,
English language,17,All students,1058.9,1058.9,1058.9,1058.9,1058.9,1058.9,1058.9,
English literature,17,Male,566.8,566.8,566.8,566.8,566.8,566.8,566.8,
English literature,17,Female,1753.75,1753.75,1753.75,1753.75,1753.75,1753.75,1753.75,
English literature,17,All students,2320.55,2320.55,2320.55,2320.55,2320.55,2320.55,2320.55,
English language and literature,17,Male,155.9,155.9,155.9,155.9,155.9,155.9,155.9,
English language and literature,17,Female,397,397,397,397,397,397,397,
English language and literature,17,All students,552.9,552.9,552.9,552.9,552.9,552.9,552.9,
French,17,Male,205.35,195.9,175.5,165.1,158.8,154.65,145.85,
French,17,Female,454.45,429.65,388.1,356.55,357.6,328.95,327.55,
French,17,All students,659.8,625.55,563.6,521.65,516.4,483.6,473.4,
General studies,17,Male,967.05,814.75,711.3,531.6,412.45,285.6,176.4,
General studies,17,Female,1082.15,963.15,866.8,662.6,492.15,302.35,180.95,
General studies,17,All students,2049.2,1777.9,1578.1,1194.2,904.6,587.95,357.35,
Geography,17,Male,836.95,839.2,838.8,824.45,917.4,908.6,933.15,
Geography,17,Female,724.35,761.05,804.8,825.9,942.35,909.55,957.55,
Geography,17,All students,1561.3,1600.25,1643.6,1650.35,1859.75,1818.15,1890.7,
German,17,Male,107.25,97.95,85.05,83.2,81.05,75.25,77.7,
German,17,Female,151.05,140.7,127.05,126.15,119.4,116.85,105.45,
German,17,All students,258.3,238.65,212.1,209.35,200.45,192.1,183.15,
History,17,Male,1247.75,1258.05,1258.1,1241.1,1309.05,1262.6,1152.55,
History,17,Female,1297.1,1324.55,1349.35,1365.45,1483.35,1473.95,1363,
History,17,All students,2544.85,2582.6,2607.45,2606.55,2792.4,2736.55,2515.55,
ICT,17,Male,364.15,340.2,324.6,302.9,293.5,280.65,256.05,
ICT,17,Female,233.85,214.2,196.35,171.05,162.7,156.2,124.3,
ICT,17,All students,598,554.4,520.95,473.95,456.2,436.85,380.35,
Irish,17,Male,6.4,5.05,5.55,5.15,4.55,5.45,5.35,
Irish,17,Female,10,10.15,9.95,10.5,11.95,11.1,11.3,
Irish,17,All students,16.4,15.2,15.5,15.65,16.5,16.55,16.65,
Law,17,Male,284.8,258,241.95,212.85,195.1,205.95,203.7,
Law,17,Female,434.15,399.7,384.2,363,341.8,357.65,373.2,
Law,17,All students,718.95,657.7,626.15,575.85,536.9,563.6,576.9,
Maths,17,Male,2491.4,2570.65,2671.75,2722.1,2838.7,2826.75,2901.6,
Maths,17,Female,1658.35,1715.05,1731.25,1718.7,1796.85,1781.4,1860.6,
Maths,17,All students,4149.75,4285.7,4403,4440.8,4635.55,4608.15,4762.2,
Further maths,17,Male,422.75,462.55,493.5,502.65,540.8,552.7,586.55,
Further maths,17,Female,191.6,198.6,197.55,198.75,208.85,210.15,222.05,
Further maths,17,All students,614.35,661.15,691.05,701.4,749.65,762.85,808.6,
Media/film/TV studies,17,Male,777.3,726.3,649.1,638.05,618.95,619.95,588.45,
Media/film/TV studies,17,Female,915.45,879.25,806.5,786.8,804.4,787.05,759.35,
Media/film/TV studies,17,All students,1692.75,1605.55,1455.6,1424.85,1423.35,1407,1347.8,
Music,17,Male,302.95,285.25,265.1,247.95,225.5,195.7,167,
Music,17,Female,200.25,189.5,176.85,170.8,163.3,158.75,154.4,
Music,17,All students,503.2,474.75,441.95,418.75,388.8,354.45,321.4,
Performing/expressive arts,17,Male,23.25,19.4,17.05,11.5,14.9,11.15,10.3,
Performing/expressive arts,17,Female,155.5,138.2,122.05,115.8,113.75,97.8,87.1,
Performing/expressive arts,17,All students,178.75,157.6,139.1,127.3,128.65,108.95,97.4,
Physical education,17,Male,630.6,551.5,471.85,417.05,393.7,355,336.9,
Physical education,17,Female,336.6,293.3,250.2,220.95,226.55,226.35,220.25,
Physical education,17,All students,967.2,844.8,722.05,638,620.25,581.35,557.15,
Physics,17,Male,1300.55,1357.4,1409.5,1447.9,1425,1384.95,1436.6,
Physics,17,Female,342.45,368.05,368.95,387.15,389.35,382.25,392.3,
Physics,17,All students,1643,1725.45,1778.45,1835.05,1814.35,1767.2,1828.9,
Political studies,17,Male,425.95,433.45,444.4,393.75,421.3,425,468.4,
Political studies,17,Female,316.45,329.55,325.25,294.3,333.85,352,407.75,
Political studies,17,All students,742.4,763,769.65,688.05,755.15,777,876.15,
Psychology,17,Male,761.9,758.9,719.75,682.55,687.9,704.25,733.2,
Psychology,17,Female,2044.75,2065.4,2084.65,2058.35,2162.8,2269.2,2199.95,
Psychology,17,All students,2806.65,2824.3,2804.4,2740.9,2850.7,2973.45,2933.15,
Religious studies,17,Male,355.1,364.9,367.25,371.3,395.75,410.75,377.05,
Religious studies,17,Female,761.15,787.2,800.45,839.35,892.9,940.85,927.25,
Religious studies,17,All students,1116.25,1152.1,1167.7,1210.65,1288.65,1351.6,1304.3,
Sociology,17,Male,391.25,392.15,378.05,371.8,378.45,392.4,398.35,
Sociology,17,Female,1144.45,1175.7,1156.35,1157.9,1234.45,1306.6,1332,
Sociology,17,All students,1535.7,1567.85,1534.4,1529.7,1612.9,1699,1730.35,
Spanish,17,Male,126.1,124,124.9,132.75,144.85,145.55,145.35,
Spanish,17,Female,254.4,243.55,257.65,247.3,289.85,277.45,284.7,
Spanish,17,All students,380.5,367.55,382.55,380.05,434.7,423,430.05,
Welsh first language,17,Male,9.8,8.1,6.85,6.3,6.25,6.35,2.8,
Welsh first language,17,Female,36.05,34.85,30.75,28.3,27.65,24.15,8.85,
Welsh first language,17,All students,45.85,42.95,37.6,34.6,33.9,30.5,11.65,
Welsh second language,17,Male,2.8,2.8,2.8,2.8,2.8,2.8,2.8,
Welsh second language,17,Female,13.85,13.85,13.85,13.85,13.85,13.85,13.85,
Welsh second language,17,All students,16.65,16.65,16.65,16.65,16.65,16.65,16.65,
Other modern languages,17,Male,197.7,201,195.15,190.55,199.7,194.9,198.95,
Other modern languages,17,Female,249.95,255.8,259.2,259.8,269.05,265.55,270.35,
Other modern languages,17,All students,447.65,456.8,454.35,450.35,468.75,460.45,469.3,
Other sciences,17,Male,126.5,130.65,133.7,134.55,132,124.35,106,
Other sciences,17,Female,37.35,38.1,40.15,39.75,42.05,40.85,36,
Other sciences,17,All students,163.85,168.75,173.85,174.3,174.05,165.2,142,
All other subjects,17,Male,299.35,289.9,267.7,248.9,233.6,205.8,192.6,
All other subjects,17,Female,277.3,288.2,269.6,347.9,352.15,341.6,330.25,
All other subjects,17,All students,576.65,578.1,537.3,596.8,585.75,547.4,522.85,
All subjects,17,Male,20083.8,19795.7,19477.5,18991.15,19167.5,18761.3,18682.7,
All subjects,17,Female,23282.05,23295.25,23060.1,22699.2,23369.95,23073.95,22735.05,
All subjects,17,All students,43365.85,43090.95,42537.6,41690.35,42537.45,41835.25,41417.75,
